{
  "config": {
    "seed": 20230101,
    "N_firms": 5000,
    "T_trade_months": 12,
    "N_runs": 20,
    "N_folds": 5,
    "lambda_cost": 4.0,
    "dgp_version": "v3_mentor_architecture_theta_based",
    "W_MAX": {
      "Baseline": 0.05,
      "Model A": 0.1,
      "Model B": 0.4,
      "Model C": 1.0
    },
    "W_MAX_Mode": "v4_reviewer_corrected"
  },
  "AUC": {
    "Baseline": {
      "mean": 0.742098,
      "se": 0.00291,
      "ci_lo": 0.736394,
      "ci_hi": 0.747801,
      "cost": 0.012214,
      "netu": 0.729884
    },
    "Model A": {
      "mean": 0.754065,
      "se": 0.002732,
      "ci_lo": 0.748711,
      "ci_hi": 0.759419,
      "cost": 0.014918,
      "netu": 0.739147
    },
    "Model B": {
      "mean": 0.763232,
      "se": 0.002906,
      "ci_lo": 0.757537,
      "ci_hi": 0.768927,
      "cost": 0.04953,
      "netu": 0.713702
    },
    "Model C": {
      "mean": 0.777819,
      "se": 0.002601,
      "ci_lo": 0.772722,
      "ci_hi": 0.782917,
      "cost": 0.545982,
      "netu": 0.231837
    }
  },
  "AUC_by_classifier": {
    "LR": {
      "Baseline": {
        "mean": 0.742098,
        "se": 0.00291
      },
      "Model A": {
        "mean": 0.754065,
        "se": 0.002732
      },
      "Model B": {
        "mean": 0.763232,
        "se": 0.002906
      },
      "Model C": {
        "mean": 0.777819,
        "se": 0.002601
      }
    },
    "XGB": {
      "Baseline": {
        "mean": 0.68365,
        "se": 0.00461
      },
      "Model A": {
        "mean": 0.697583,
        "se": 0.003713
      },
      "Model B": {
        "mean": 0.718306,
        "se": 0.003586
      },
      "Model C": {
        "mean": 0.728372,
        "se": 0.003468
      }
    }
  },
  "significance": {
    "B_vs_A": {
      "delta": 0.009166509913293635,
      "t": 10.38915158754287,
      "p": 2.8355679122839544e-09
    },
    "B_vs_Base": {
      "delta": 0.02113423722089841,
      "t": 13.950997732403518,
      "p": 1.956324280128302e-11
    },
    "C_vs_B": {
      "delta": 0.014587573772661122,
      "t": 12.276168329749154,
      "p": 1.7625398673113734e-10
    },
    "A_vs_Base": {
      "delta": 0.011967727307604776,
      "t": 9.983572969166358,
      "p": 5.404235982948893e-09
    }
  },
  "ablation": {
    "Model B (Full)": {
      "mean": 0.763232,
      "se": 0.002906,
      "delta": 0.0
    },
    "B \u2212 Trade Momentum (M)": {
      "mean": 0.760681,
      "se": 0.002886,
      "delta": -0.002551
    },
    "B \u2212 Buyer HHI (VI)": {
      "mean": 0.7609,
      "se": 0.002782,
      "delta": -0.002332
    },
    "B \u2212 Anomaly Detection": {
      "mean": 0.762316,
      "se": 0.0029,
      "delta": -0.000915
    },
    "B \u2212 All Three Engines": {
      "mean": 0.754065,
      "se": 0.002732,
      "delta": -0.009167
    }
  },
  "sensitivity": [
    {
      "lambda": 0.5,
      "Baseline": 0.731845,
      "Model A": 0.743552,
      "Model B": 0.751018,
      "Model C": 0.761332,
      "peak": "Model C"
    },
    {
      "lambda": 1.0,
      "Baseline": 0.731585,
      "Model A": 0.743013,
      "Model B": 0.748314,
      "Model C": 0.750636,
      "peak": "Model C"
    },
    {
      "lambda": 2.0,
      "Baseline": 0.731046,
      "Model A": 0.741851,
      "Model B": 0.740977,
      "Model C": 0.703928,
      "peak": "Model A"
    },
    {
      "lambda": 3.0,
      "Baseline": 0.73048,
      "Model A": 0.740566,
      "Model B": 0.730031,
      "Model C": 0.576964,
      "peak": "Model A"
    },
    {
      "lambda": 4.0,
      "Baseline": 0.729884,
      "Model A": 0.739147,
      "Model B": 0.713702,
      "Model C": 0.231837,
      "peak": "Model A"
    },
    {
      "lambda": 5.0,
      "Baseline": 0.729258,
      "Model A": 0.737578,
      "Model B": 0.689341,
      "Model C": -0.706313,
      "peak": "Model A"
    },
    {
      "lambda": 6.0,
      "Baseline": 0.728599,
      "Model A": 0.735844,
      "Model B": 0.653,
      "Model C": -3.256469,
      "peak": "Model A"
    },
    {
      "lambda": 8.0,
      "Baseline": 0.72718,
      "Model A": 0.73181,
      "Model B": 0.517907,
      "Model C": -29.031761,
      "peak": "Model A"
    }
  ],
  "raw_runs": {
    "Baseline": [
      0.7477274799360185,
      0.7610629067245119,
      0.7411949037232508,
      0.7437459341170412,
      0.7537350330105042,
      0.7423191632650257,
      0.7311209251224987,
      0.7355928476202257,
      0.7125882241060151,
      0.7435610511279943,
      0.7504536773906997,
      0.751725361579741,
      0.736103586115165,
      0.7214549274871125,
      0.7229102842799603,
      0.748177869544267,
      0.7520016944970239,
      0.7552710709439945,
      0.7328320456816123,
      0.7583727076004304
    ],
    "Model A": [
      0.7547385936845504,
      0.7707658935424663,
      0.7547025110295633,
      0.7485909003790854,
      0.7578566668787321,
      0.7600681702607237,
      0.7448492986746988,
      0.7594057092593356,
      0.7307745750666433,
      0.7533030895774436,
      0.7623853832037277,
      0.7712304272382982,
      0.7453861299440246,
      0.7363406461395491,
      0.7310258720059151,
      0.752308965751094,
      0.7676255122112894,
      0.7652496908761595,
      0.7473195851212887,
      0.7673786191805994
    ],
    "Model B": [
      0.7636740413947528,
      0.7804800044496356,
      0.7660495608790665,
      0.764615128691913,
      0.7654101774435793,
      0.7665333498261384,
      0.7524977737349116,
      0.7679434846548192,
      0.7465387312218298,
      0.7571465917185203,
      0.7725943812298046,
      0.778052611038923,
      0.7479970657602237,
      0.7421677191597642,
      0.7342628529177125,
      0.7632912161643238,
      0.7793616107784775,
      0.773991578492632,
      0.7635144809526284,
      0.7785140777814046
    ],
    "Model C": [
      0.7714271303573984,
      0.7877718449301963,
      0.7786555615112908,
      0.7815721361545533,
      0.7787144186669106,
      0.7851619730892399,
      0.7625628182786198,
      0.7874654681895022,
      0.770275283155194,
      0.7641196541425923,
      0.7888227986830771,
      0.7921606368523416,
      0.7657936987431724,
      0.759719215108811,
      0.7580882236880508,
      0.7823825941716082,
      0.7918291101963657,
      0.7904578021134316,
      0.769254400727099,
      0.7901531449848281
    ]
  }
}