lambda,Baseline,Model A,Model B,Model C,peak
0.5,0.731845,0.743552,0.751018,0.761332,Model C
1.0,0.731585,0.743013,0.748314,0.750636,Model C
2.0,0.731046,0.741851,0.740977,0.703928,Model A
3.0,0.73048,0.740566,0.730031,0.576964,Model A
4.0,0.729884,0.739147,0.713702,0.231837,Model A
5.0,0.729258,0.737578,0.689341,-0.706313,Model A
6.0,0.728599,0.735844,0.653,-3.256469,Model A
8.0,0.72718,0.73181,0.517907,-29.031761,Model A
