Model,AUC_mean,AUC_SE,CI_lo,CI_hi,Cost,NetU
Baseline,0.742098,0.00291,0.736394,0.747801,0.012214,0.729884
Model A,0.754065,0.002732,0.748711,0.759419,0.014918,0.739147
Model B,0.763232,0.002906,0.757537,0.768927,0.04953,0.713702
Model C,0.777819,0.002601,0.772722,0.782917,0.545982,0.231837
