{
  "config": {
    "seed": 20230101,
    "N_firms": 5000,
    "N_runs": 20,
    "N_folds": 5,
    "lambda_default": 4.0
  },
  "AUC": {
    "Baseline": {
      "mean": 0.7408019414246413,
      "sd": 0.0011025438740724105,
      "se": 0.0002465363050601878,
      "ci_lo": 0.7403187302667233,
      "ci_hi": 0.7412851525825592,
      "cost": 0.0122140275816017,
      "netu": 0.7285879138430396
    },
    "Model A": {
      "mean": 0.7501559429905403,
      "sd": 0.0015902991258192228,
      "se": 0.0003556016949890273,
      "ci_lo": 0.7494589636683618,
      "ci_hi": 0.7508529223127188,
      "cost": 0.014918246976412704,
      "netu": 0.7352376960141276
    },
    "Model B": {
      "mean": 0.8051505296634884,
      "sd": 0.001119497655024195,
      "se": 0.00025032728572857085,
      "ci_lo": 0.8046598881834605,
      "ci_hi": 0.8056411711435164,
      "cost": 0.04953032424395115,
      "netu": 0.7556202054195373
    },
    "Model C": {
      "mean": 0.8041781942351701,
      "sd": 0.001184594458792951,
      "se": 0.00026488337356306117,
      "ci_lo": 0.8036590228229865,
      "ci_hi": 0.8046973656473537,
      "cost": 0.5459815003314423,
      "netu": 0.2581966939037278
    }
  },
  "significance": {
    "B_vs_A": {
      "delta": 0.05499458667294802,
      "t": 260.3953775856525,
      "p": 3.21275541769623e-35
    },
    "B_vs_Base": {
      "delta": 0.06434858823884719,
      "t": 398.57778344432506,
      "p": 9.880800193649564e-39
    },
    "C_vs_B": {
      "delta": -0.0009723354283181385,
      "t": -7.830242245830926,
      "p": 2.3012780252393885e-07
    }
  },
  "ablation": {
    "Model B (Full)": {
      "mean": 0.8051505296634884,
      "se": 0.00025032728572857085,
      "delta": 0.0
    },
    "B \u2212 Trade Momentum (M)": {
      "mean": 0.7843274602953711,
      "se": 0.0002833039406746003,
      "delta": -0.020823069368117286
    },
    "B \u2212 Buyer HHI (VI)": {
      "mean": 0.800213952343146,
      "se": 0.00023700277821857673,
      "delta": -0.004936577320342472
    },
    "B \u2212 Anomaly Detection": {
      "mean": 0.775213078246955,
      "se": 0.00039650011163841074,
      "delta": -0.029937451416533478
    },
    "B \u2212 All Three Engines": {
      "mean": 0.7501559429905403,
      "se": 0.0003556016949890273,
      "delta": -0.0549945866729481
    }
  },
  "sensitivity": [
    {
      "lambda": 0.5,
      "Baseline": 0.730548790219397,
      "Model A": 0.7396432320267801,
      "Model B": 0.7929365020818867,
      "Model C": 0.7876909815281689,
      "peak": "Model B"
    },
    {
      "lambda": 1.0,
      "Baseline": 0.730289230460881,
      "Model A": 0.7391042338097839,
      "Model B": 0.7902322826870757,
      "Model C": 0.7769953759505797,
      "peak": "Model B"
    },
    {
      "lambda": 2.0,
      "Baseline": 0.7297502322438848,
      "Model A": 0.7379419154089386,
      "Model B": 0.7828951203785638,
      "Model C": 0.7302876332458637,
      "peak": "Model B"
    },
    {
      "lambda": 3.0,
      "Baseline": 0.7291835989973584,
      "Model A": 0.7366573549147803,
      "Model B": 0.7719493604361229,
      "Model C": 0.6033228250032934,
      "peak": "Model B"
    },
    {
      "lambda": 4.0,
      "Baseline": 0.7285879138430396,
      "Model A": 0.7352376960141276,
      "Model B": 0.7556202054195373,
      "Model C": 0.2581966939037278,
      "peak": "Model B"
    },
    {
      "lambda": 5.0,
      "Baseline": 0.7279616872577639,
      "Model A": 0.7336687302835391,
      "Model B": 0.731259968674182,
      "Model C": -0.6799533967905959,
      "peak": "Model A"
    },
    {
      "lambda": 6.0,
      "Baseline": 0.7273033533488813,
      "Model A": 0.7319347549866353,
      "Model B": 0.6949187658570724,
      "Model C": -3.2301097406921815,
      "peak": "Model A"
    },
    {
      "lambda": 8.0,
      "Baseline": 0.7258836944482285,
      "Model A": 0.7279005337056157,
      "Model B": 0.559825227692395,
      "Model C": -29.005401676182114,
      "peak": "Model A"
    }
  ]
}